dimension,original,null_mean,null_std,null_max,z_score,excess,excess_ratio
0,50000,50000.0,0.0,50000,0.0,0.0,1.0
1,498775,498925.6,827.1673591238958,500078,-0.18206714558887635,-150.59999999997672,0.9996981513877019
2,9229,978.8,33.03573822392955,1038,249.73560282130885,8250.2,9.428892521454843
3,0,0.0,0.0,0,0.0,0.0,inf
4,0,0.0,0.0,0,0.0,0.0,inf
