dimension,original,null_mean,null_std,null_max,z_score,excess,excess_ratio
0,32272,32272.0,0.0,32272,0.0,0.0,1.0
1,716923,849903.6,736.746252111268,850873,-180.49715165692683,-132980.59999999998,0.843534490264543
2,1585453,18282.2,96.62587645139371,18414,16218.955600245896,1567170.8,86.72112765422104
3,1062581,0.8,0.7483314773547883,2,1419932.5194177614,1062580.2,1328226.25
4,320647,0.0,0.0,0,0.0,320647.0,inf
