{
  "num_nodes": 32272,
  "num_edges": 849981,
  "density": 0.0008161517452126388,
  "is_connected": true,
  "in_degree": {
    "mean": 26.338032969757066,
    "std": 51.37468490010359,
    "max": 2843,
    "min": 0
  },
  "out_degree": {
    "mean": 26.338032969757066,
    "std": 45.27664351944187,
    "max": 2763,
    "min": 0
  },
  "edge_weight": {
    "mean": 1.0,
    "std": 0.0,
    "max": 1,
    "min": 1,
    "median": 1.0
  }
}